date,time,home_team,score,away_team,attendance,venue,referee,match_report
2025-08-15,20:00 (21:00),Liverpool,4–2,Bournemouth,60315,Anfield,Anthony Taylor,https://fbref.com/en/matches/a071faa8/Liverpool-Bournemouth-August-15-2025-Premier-League
2025-08-16,12:30 (13:30),Aston Villa,0–0,Newcastle United,42526,Villa Park,Craig Pawson,https://fbref.com/en/matches/bbdf4739/Aston-Villa-Newcastle-United-August-16-2025-Premier-League
2025-08-16,15:00 (16:00),Brighton,1–1,Fulham,31478,The American Express Stadium,Samuel Barrott,https://fbref.com/en/matches/57c49bae/Brighton-and-Hove-Albion-Fulham-August-16-2025-Premier-League
2025-08-16,15:00 (16:00),Sunderland,3–0,West Ham United,46233,Stadium of Light,Robert Jones,https://fbref.com/en/matches/e1058522/Sunderland-West-Ham-United-August-16-2025-Premier-League
2025-08-16,15:00 (16:00),Tottenham Hotspur,3–0,Burnley,61077,Tottenham Hotspur Stadium,Michael Oliver,https://fbref.com/en/matches/d41bb8b3/Tottenham-Hotspur-Burnley-August-16-2025-Premier-League
2025-08-16,17:30 (18:30),Wolves,0–4,Manchester City,31456,Molineux Stadium,Jarred Gillett,https://fbref.com/en/matches/8613020d/Wolverhampton-Wanderers-Manchester-City-August-16-2025-Premier-League
2025-08-17,14:00 (15:00),Chelsea,0–0,Crystal Palace,39678,Stamford Bridge,Darren England,https://fbref.com/en/matches/2185fc64/Chelsea-Crystal-Palace-August-17-2025-Premier-League
2025-08-17,16:30 (17:30),Manchester Utd,0–1,Arsenal,73475,Old Trafford,Simon Hooper,https://fbref.com/en/matches/643d26fd/Manchester-United-Arsenal-August-17-2025-Premier-League
2025-08-17,14:00 (15:00),Nottingham Forest,3–1,Brentford,29949,The City Ground,Peter Bankes,https://fbref.com/en/matches/855f8b5e/Nottingham-Forest-Brentford-August-17-2025-Premier-League
2025-08-18,20:00 (21:00),Leeds United,1–0,Everton,36820,Elland Road,Chris Kavanagh,https://fbref.com/en/matches/0701e218/Leeds-United-Everton-August-18-2025-Premier-League
2025-08-22,20:00 (21:00),West Ham United,1–5,Chelsea,62462,London Stadium,Michael Oliver,https://fbref.com/en/matches/57b35843/West-Ham-United-Chelsea-August-22-2025-Premier-League
2025-08-23,17:30 (18:30),Arsenal,5–0,Leeds United,60110,Emirates Stadium,Jarred Gillett,https://fbref.com/en/matches/e8724659/Arsenal-Leeds-United-August-23-2025-Premier-League
2025-08-23,15:00 (16:00),Bournemouth,1–0,Wolves,11070,Vitality Stadium,Thomas Bramall,https://fbref.com/en/matches/a515fb3a/Bournemouth-Wolverhampton-Wanderers-August-23-2025-Premier-League
2025-08-23,15:00 (16:00),Brentford,1–0,Aston Villa,16838,Gtech Community Stadium,Tony Harrington,https://fbref.com/en/matches/860c7af2/Brentford-Aston-Villa-August-23-2025-Premier-League
2025-08-23,15:00 (16:00),Burnley,2–0,Sunderland,21285,Turf Moor,Michael Salisbury,https://fbref.com/en/matches/4e287736/Burnley-Sunderland-August-23-2025-Premier-League
2025-08-23,12:30 (13:30),Manchester City,0–2,Tottenham Hotspur,51785,Etihad Stadium,Peter Bankes,https://fbref.com/en/matches/f7e2c9c7/Manchester-City-Tottenham-Hotspur-August-23-2025-Premier-League
2025-08-24,14:00 (15:00),Crystal Palace,1–1,Nottingham Forest,24876,Selhurst Park,Anthony Taylor,https://fbref.com/en/matches/a3984be1/Crystal-Palace-Nottingham-Forest-August-24-2025-Premier-League
2025-08-24,14:00 (15:00),Everton,2–0,Brighton,51759,Hill Dickinson Stadium,Stuart Attwell,https://fbref.com/en/matches/0bad74e2/Everton-Brighton-and-Hove-Albion-August-24-2025-Premier-League
2025-08-24,16:30 (17:30),Fulham,1–1,Manchester Utd,27512,Craven Cottage,Chris Kavanagh,https://fbref.com/en/matches/fc45a8b2/Fulham-Manchester-United-August-24-2025-Premier-League
2025-08-25,20:00 (21:00),Newcastle United,2–3,Liverpool,52230,St James' Park,Simon Hooper,https://fbref.com/en/matches/2c75d21a/Newcastle-United-Liverpool-August-25-2025-Premier-League
2025-08-30,12:30 (13:30),Chelsea,2–0,Fulham,39745,Stamford Bridge,Robert Jones,https://fbref.com/en/matches/2dbd7fbd/Chelsea-Fulham-August-30-2025-Premier-League
2025-08-30,17:30 (18:30),Leeds United,0–0,Newcastle United,36727,Elland Road,Peter Bankes,https://fbref.com/en/matches/bc110e0b/Leeds-United-Newcastle-United-August-30-2025-Premier-League
2025-08-30,15:00 (16:00),Manchester Utd,3–2,Burnley,74257,Old Trafford,Samuel Barrott,https://fbref.com/en/matches/0050df89/Manchester-United-Burnley-August-30-2025-Premier-League
2025-08-30,15:00 (16:00),Sunderland,2–1,Brentford,46267,Stadium of Light,Anthony Taylor,https://fbref.com/en/matches/f03152d1/Sunderland-Brentford-August-30-2025-Premier-League
2025-08-30,15:00 (16:00),Tottenham Hotspur,0–1,Bournemouth,61250,Tottenham Hotspur Stadium,Simon Hooper,https://fbref.com/en/matches/0e30cf4b/Tottenham-Hotspur-Bournemouth-August-30-2025-Premier-League
2025-08-30,15:00 (16:00),Wolves,2–3,Everton,30271,Molineux Stadium,Michael Oliver,https://fbref.com/en/matches/3c399f5e/Wolverhampton-Wanderers-Everton-August-30-2025-Premier-League
2025-08-31,19:00 (20:00),Aston Villa,0–3,Crystal Palace,41036,Villa Park,Stuart Attwell,https://fbref.com/en/matches/cd51ed93/Aston-Villa-Crystal-Palace-August-31-2025-Premier-League
2025-08-31,14:00 (15:00),Brighton,2–1,Manchester City,31485,The American Express Stadium,Darren England,https://fbref.com/en/matches/810d81e7/Brighton-and-Hove-Albion-Manchester-City-August-31-2025-Premier-League
2025-08-31,16:30 (17:30),Liverpool,1–0,Arsenal,60455,Anfield,Chris Kavanagh,https://fbref.com/en/matches/b0005978/Liverpool-Arsenal-August-31-2025-Premier-League
2025-08-31,14:00 (15:00),Nottingham Forest,0–3,West Ham United,30215,The City Ground,Craig Pawson,https://fbref.com/en/matches/299beb27/Nottingham-Forest-West-Ham-United-August-31-2025-Premier-League
2025-09-13,12:30 (13:30),Arsenal,3–0,Nottingham Forest,60167,Emirates Stadium,Darren England,https://fbref.com/en/matches/4fe3e679/Arsenal-Nottingham-Forest-September-13-2025-Premier-League
2025-09-13,15:00 (16:00),Bournemouth,2–1,Brighton,11167,Vitality Stadium,Peter Bankes,https://fbref.com/en/matches/8398bbef/Bournemouth-Brighton-and-Hove-Albion-September-13-2025-Premier-League
2025-09-13,20:00 (21:00),Brentford,2–2,Chelsea,16795,Gtech Community Stadium,Stuart Attwell,https://fbref.com/en/matches/d8104c65/Brentford-Chelsea-September-13-2025-Premier-League
2025-09-13,15:00 (16:00),Crystal Palace,0–0,Sunderland,25154,Selhurst Park,Thomas Bramall,https://fbref.com/en/matches/e3cade07/Crystal-Palace-Sunderland-September-13-2025-Premier-League
2025-09-13,15:00 (16:00),Everton,0–0,Aston Villa,52114,Hill Dickinson Stadium,Simon Hooper,https://fbref.com/en/matches/a624dc89/Everton-Aston-Villa-September-13-2025-Premier-League
2025-09-13,15:00 (16:00),Fulham,1–0,Leeds United,27327,Craven Cottage,Craig Pawson,https://fbref.com/en/matches/ab8543fb/Fulham-Leeds-United-September-13-2025-Premier-League
2025-09-13,15:00 (16:00),Newcastle United,1–0,Wolves,52145,St James' Park,Chris Kavanagh,https://fbref.com/en/matches/55fbbbe6/Newcastle-United-Wolverhampton-Wanderers-September-13-2025-Premier-League
2025-09-13,17:30 (18:30),West Ham United,0–3,Tottenham Hotspur,62459,London Stadium,Jarred Gillett,https://fbref.com/en/matches/86c7261a/West-Ham-United-Tottenham-Hotspur-September-13-2025-Premier-League
2025-09-14,14:00 (15:00),Burnley,0–1,Liverpool,21678,Turf Moor,Michael Oliver,https://fbref.com/en/matches/fed27aaa/Burnley-Liverpool-September-14-2025-Premier-League
2025-09-14,16:30 (17:30),Manchester City,3–0,Manchester Utd,52534,Etihad Stadium,Anthony Taylor,https://fbref.com/en/matches/f2b1061a/Manchester-Derby-Manchester-City-Manchester-United-September-14-2025-Premier-League
2025-09-20,15:00 (16:00),Brighton,2–2,Tottenham Hotspur,31488,The American Express Stadium,Chris Kavanagh,https://fbref.com/en/matches/fa03feeb/Brighton-and-Hove-Albion-Tottenham-Hotspur-September-20-2025-Premier-League
2025-09-20,15:00 (16:00),Burnley,1–1,Nottingham Forest,21475,Turf Moor,Thomas Bramall,https://fbref.com/en/matches/e523c1cd/Burnley-Nottingham-Forest-September-20-2025-Premier-League
2025-09-20,20:00 (21:00),Fulham,3–1,Brentford,26113,Craven Cottage,Michael Oliver,https://fbref.com/en/matches/295b388b/Fulham-Brentford-September-20-2025-Premier-League
2025-09-20,12:30 (13:30),Liverpool,2–1,Everton,60342,Anfield,Darren England,https://fbref.com/en/matches/5da72d0e/Merseyside-Derby-Liverpool-Everton-September-20-2025-Premier-League
2025-09-20,17:30 (18:30),Manchester Utd,2–1,Chelsea,74124,Old Trafford,Peter Bankes,https://fbref.com/en/matches/a562da13/Manchester-United-Chelsea-September-20-2025-Premier-League
2025-09-20,15:00 (16:00),West Ham United,1–2,Crystal Palace,62455,London Stadium,Tony Harrington,https://fbref.com/en/matches/15b707b3/West-Ham-United-Crystal-Palace-September-20-2025-Premier-League
2025-09-20,15:00 (16:00),Wolves,1–3,Leeds United,30807,Molineux Stadium,Anthony Taylor,https://fbref.com/en/matches/45650a33/Wolverhampton-Wanderers-Leeds-United-September-20-2025-Premier-League
2025-09-21,16:30 (17:30),Arsenal,1–1,Manchester City,60161,Emirates Stadium,Stuart Attwell,https://fbref.com/en/matches/2045939c/Arsenal-Manchester-City-September-21-2025-Premier-League
2025-09-21,14:00 (15:00),Bournemouth,0–0,Newcastle United,11212,Vitality Stadium,Robert Jones,https://fbref.com/en/matches/f55b1b65/Bournemouth-Newcastle-United-September-21-2025-Premier-League
2025-09-21,14:00 (15:00),Sunderland,1–1,Aston Villa,46261,Stadium of Light,Samuel Barrott,https://fbref.com/en/matches/4e615d10/Sunderland-Aston-Villa-September-21-2025-Premier-League
2025-09-27,12:30 (13:30),Brentford,3–1,Manchester Utd,17193,Gtech Community Stadium,Craig Pawson,https://fbref.com/en/matches/f96a49ea/Brentford-Manchester-United-September-27-2025-Premier-League
2025-09-27,15:00 (16:00),Chelsea,1–3,Brighton,39597,Stamford Bridge,Simon Hooper,https://fbref.com/en/matches/b3a3df9a/Chelsea-Brighton-and-Hove-Albion-September-27-2025-Premier-League
2025-09-27,15:00 (16:00),Crystal Palace,2–1,Liverpool,25118,Selhurst Park,Chris Kavanagh,https://fbref.com/en/matches/8a5edb7f/Crystal-Palace-Liverpool-September-27-2025-Premier-League
2025-09-27,15:00 (16:00),Leeds United,2–2,Bournemouth,36574,Elland Road,Michael Oliver,https://fbref.com/en/matches/d2fc69e6/Leeds-United-Bournemouth-September-27-2025-Premier-League
2025-09-27,15:00 (16:00),Manchester City,5–1,Burnley,52427,Etihad Stadium,Robert Jones,https://fbref.com/en/matches/53db8cb5/Manchester-City-Burnley-September-27-2025-Premier-League
2025-09-27,17:30 (18:30),Nottingham Forest,0–1,Sunderland,30226,The City Ground,Tony Harrington,https://fbref.com/en/matches/78970349/Nottingham-Forest-Sunderland-September-27-2025-Premier-League
2025-09-27,20:00 (21:00),Tottenham Hotspur,1–1,Wolves,60537,Tottenham Hotspur Stadium,Michael Salisbury,https://fbref.com/en/matches/116cff7d/Tottenham-Hotspur-Wolverhampton-Wanderers-September-27-2025-Premier-League
2025-09-28,14:00 (15:00),Aston Villa,3–1,Fulham,40350,Villa Park,Andy Madley,https://fbref.com/en/matches/7345f259/Aston-Villa-Fulham-September-28-2025-Premier-League
2025-09-28,16:30 (17:30),Newcastle United,1–2,Arsenal,52199,St James' Park,Jarred Gillett,https://fbref.com/en/matches/e851cb5c/Newcastle-United-Arsenal-September-28-2025-Premier-League
2025-09-29,20:00 (21:00),Everton,1–1,West Ham United,51890,Hill Dickinson Stadium,Samuel Barrott,https://fbref.com/en/matches/1163f46d/Everton-West-Ham-United-September-29-2025-Premier-League
2025-10-03,20:00 (21:00),Bournemouth,3–1,Fulham,11165,Vitality Stadium,Simon Hooper,https://fbref.com/en/matches/200f4acc/Bournemouth-Fulham-October-3-2025-Premier-League
2025-10-04,15:00 (16:00),Arsenal,2–0,West Ham United,60181,Emirates Stadium,John Brooks,https://fbref.com/en/matches/266bddc6/Arsenal-West-Ham-United-October-4-2025-Premier-League
2025-10-04,17:30 (18:30),Chelsea,2–1,Liverpool,39538,Stamford Bridge,Anthony Taylor,https://fbref.com/en/matches/780d534e/Chelsea-Liverpool-October-4-2025-Premier-League
2025-10-04,12:30 (13:30),Leeds United,1–2,Tottenham Hotspur,36703,Elland Road,Thomas Bramall,https://fbref.com/en/matches/3e588df8/Leeds-United-Tottenham-Hotspur-October-4-2025-Premier-League
2025-10-04,15:00 (16:00),Manchester Utd,2–0,Sunderland,74004,Old Trafford,Stuart Attwell,https://fbref.com/en/matches/e33ea33d/Manchester-United-Sunderland-October-4-2025-Premier-League
2025-10-05,14:00 (15:00),Aston Villa,2–1,Burnley,40308,Villa Park,Andrew Kitchen,https://fbref.com/en/matches/db870461/Aston-Villa-Burnley-October-5-2025-Premier-League
2025-10-05,16:30 (17:30),Brentford,0–1,Manchester City,17028,Gtech Community Stadium,Darren England,https://fbref.com/en/matches/8c0ee359/Brentford-Manchester-City-October-5-2025-Premier-League
2025-10-05,14:00 (15:00),Everton,2–1,Crystal Palace,51770,Hill Dickinson Stadium,Michael Salisbury,https://fbref.com/en/matches/88e53add/Everton-Crystal-Palace-October-5-2025-Premier-League
2025-10-05,14:00 (15:00),Newcastle United,2–0,Nottingham Forest,52189,St James' Park,Peter Bankes,https://fbref.com/en/matches/e33f1657/Newcastle-United-Nottingham-Forest-October-5-2025-Premier-League
2025-10-05,14:00 (15:00),Wolves,1–1,Brighton,29504,Molineux Stadium,Jarred Gillett,https://fbref.com/en/matches/1314f9fd/Wolverhampton-Wanderers-Brighton-and-Hove-Albion-October-5-2025-Premier-League
2025-10-18,15:00 (16:00),Brighton,2–1,Newcastle United,31620,The American Express Stadium,Craig Pawson,https://fbref.com/en/matches/7c25388b/Brighton-and-Hove-Albion-Newcastle-United-October-18-2025-Premier-League
2025-10-18,15:00 (16:00),Burnley,2–0,Leeds United,21646,Turf Moor,Tim Robinson,https://fbref.com/en/matches/a31356f3/Burnley-Leeds-United-October-18-2025-Premier-League
2025-10-18,15:00 (16:00),Crystal Palace,3–3,Bournemouth,25125,Selhurst Park,Jarred Gillett,https://fbref.com/en/matches/7a0ab06b/Crystal-Palace-Bournemouth-October-18-2025-Premier-League
2025-10-18,17:30 (18:30),Fulham,0–1,Arsenal,27736,Craven Cottage,Anthony Taylor,https://fbref.com/en/matches/94eefc1d/Fulham-Arsenal-October-18-2025-Premier-League
2025-10-18,15:00 (16:00),Manchester City,2–0,Everton,52498,Etihad Stadium,Tony Harrington,https://fbref.com/en/matches/1340e41a/Manchester-City-Everton-October-18-2025-Premier-League
2025-10-18,12:30 (13:30),Nottingham Forest,0–3,Chelsea,30495,The City Ground,Chris Kavanagh,https://fbref.com/en/matches/b3ac7e40/Nottingham-Forest-Chelsea-October-18-2025-Premier-League
2025-10-18,15:00 (16:00),Sunderland,2–0,Wolves,46578,Stadium of Light,Robert Jones,https://fbref.com/en/matches/fe212874/Sunderland-Wolverhampton-Wanderers-October-18-2025-Premier-League
2025-10-19,16:30 (17:30),Liverpool,1–2,Manchester Utd,60337,Anfield,Michael Oliver,https://fbref.com/en/matches/cbec79a5/North-West-Derby-Liverpool-Manchester-United-October-19-2025-Premier-League
2025-10-19,14:00 (15:00),Tottenham Hotspur,1–2,Aston Villa,61291,Tottenham Hotspur Stadium,Simon Hooper,https://fbref.com/en/matches/810c0cb9/Tottenham-Hotspur-Aston-Villa-October-19-2025-Premier-League
2025-10-20,20:00 (21:00),West Ham United,0–2,Brentford,62452,London Stadium,Andy Madley,https://fbref.com/en/matches/3322a47b/West-Ham-United-Brentford-October-20-2025-Premier-League
2025-10-24,20:00 (21:00),Leeds United,2–1,West Ham United,36788,Elland Road,Stuart Attwell,https://fbref.com/en/matches/236e3e4c/Leeds-United-West-Ham-United-October-24-2025-Premier-League
2025-10-25,20:00 (21:00),Brentford,3–2,Liverpool,17214,Gtech Community Stadium,Simon Hooper,https://fbref.com/en/matches/26e5ca72/Brentford-Liverpool-October-25-2025-Premier-League
2025-10-25,15:00 (16:00),Chelsea,1–2,Sunderland,39489,Stamford Bridge,Andy Madley,https://fbref.com/en/matches/cfda878f/Chelsea-Sunderland-October-25-2025-Premier-League
2025-10-25,17:30 (18:30),Manchester Utd,4–2,Brighton,74124,Old Trafford,Anthony Taylor,https://fbref.com/en/matches/a190da2c/Manchester-United-Brighton-and-Hove-Albion-October-25-2025-Premier-League
2025-10-25,15:00 (16:00),Newcastle United,2–1,Fulham,52152,St James' Park,Peter Bankes,https://fbref.com/en/matches/0f6b6849/Newcastle-United-Fulham-October-25-2025-Premier-League
2025-10-26,14:00 (15:00),Arsenal,1–0,Crystal Palace,60103,Emirates Stadium,Thomas Bramall,https://fbref.com/en/matches/8e08b6c9/Arsenal-Crystal-Palace-October-26-2025-Premier-League
2025-10-26,14:00 (15:00),Aston Villa,1–0,Manchester City,41988,Villa Park,Michael Oliver,https://fbref.com/en/matches/2324c097/Aston-Villa-Manchester-City-October-26-2025-Premier-League
2025-10-26,14:00 (15:00),Bournemouth,2–0,Nottingham Forest,11204,Vitality Stadium,Samuel Barrott,https://fbref.com/en/matches/0676a57a/Bournemouth-Nottingham-Forest-October-26-2025-Premier-League
2025-10-26,16:30 (17:30),Everton,0–3,Tottenham Hotspur,51781,Hill Dickinson Stadium,Craig Pawson,https://fbref.com/en/matches/4234aaa9/Everton-Tottenham-Hotspur-October-26-2025-Premier-League
2025-10-26,14:00 (15:00),Wolves,2–3,Burnley,29116,Molineux Stadium,Tony Harrington,https://fbref.com/en/matches/28244556/Wolverhampton-Wanderers-Burnley-October-26-2025-Premier-League
2025-11-01,15:00 (16:00),Brighton,3–0,Leeds United,31512,The American Express Stadium,Michael Oliver,https://fbref.com/en/matches/40e608f4/Brighton-and-Hove-Albion-Leeds-United-November-1-2025-Premier-League
2025-11-01,15:00 (16:00),Burnley,0–2,Arsenal,21538,Turf Moor,Chris Kavanagh,https://fbref.com/en/matches/2e2f2939/Burnley-Arsenal-November-1-2025-Premier-League
2025-11-01,15:00 (16:00),Crystal Palace,2–0,Brentford,25083,Selhurst Park,Peter Bankes,https://fbref.com/en/matches/96c4864b/Crystal-Palace-Brentford-November-1-2025-Premier-League
2025-11-01,15:00 (16:00),Fulham,3–0,Wolves,26413,Craven Cottage,John Brooks,https://fbref.com/en/matches/03f6bccd/Fulham-Wolverhampton-Wanderers-November-1-2025-Premier-League
2025-11-01,20:00 (21:00),Liverpool,2–0,Aston Villa,60407,Anfield,Stuart Attwell,https://fbref.com/en/matches/c15115cb/Liverpool-Aston-Villa-November-1-2025-Premier-League
2025-11-01,15:00 (16:00),Nottingham Forest,2–2,Manchester Utd,30778,The City Ground,Darren England,https://fbref.com/en/matches/6f99be65/Nottingham-Forest-Manchester-United-November-1-2025-Premier-League
2025-11-01,17:30 (18:30),Tottenham Hotspur,0–1,Chelsea,61202,Tottenham Hotspur Stadium,Jarred Gillett,https://fbref.com/en/matches/cb498e0b/Tottenham-Hotspur-Chelsea-November-1-2025-Premier-League
2025-11-02,16:30 (17:30),Manchester City,3–1,Bournemouth,52387,Etihad Stadium,Anthony Taylor,https://fbref.com/en/matches/cc77588b/Manchester-City-Bournemouth-November-2-2025-Premier-League
2025-11-02,14:00 (15:00),West Ham United,3–1,Newcastle United,62441,London Stadium,Robert Jones,https://fbref.com/en/matches/55587dfc/West-Ham-United-Newcastle-United-November-2-2025-Premier-League
2025-11-03,20:00 (21:00),Sunderland,1–1,Everton,41476,Stadium of Light,Thomas Bramall,https://fbref.com/en/matches/bb37daa2/Sunderland-Everton-November-3-2025-Premier-League
2025-11-08,20:00 (21:00),Chelsea,3–0,Wolves,39467,Stamford Bridge,Andrew Kitchen,https://fbref.com/en/matches/098d4b9c/Chelsea-Wolverhampton-Wanderers-November-8-2025-Premier-League
2025-11-08,15:00 (16:00),Everton,2–0,Fulham,52491,Hill Dickinson Stadium,Andy Madley,https://fbref.com/en/matches/0e46b968/Everton-Fulham-November-8-2025-Premier-League
2025-11-08,17:30 (18:30),Sunderland,2–2,Arsenal,46799,Stadium of Light,Craig Pawson,https://fbref.com/en/matches/34884979/Sunderland-Arsenal-November-8-2025-Premier-League
2025-11-08,12:30 (13:30),Tottenham Hotspur,2–2,Manchester Utd,61210,Tottenham Hotspur Stadium,Samuel Barrott,https://fbref.com/en/matches/ad74e791/Tottenham-Hotspur-Manchester-United-November-8-2025-Premier-League
2025-11-08,15:00 (16:00),West Ham United,3–2,Burnley,62449,London Stadium,Michael Salisbury,https://fbref.com/en/matches/9a904d13/West-Ham-United-Burnley-November-8-2025-Premier-League
2025-11-09,14:00 (15:00),Aston Villa,4–0,Bournemouth,40792,Villa Park,John Brooks,https://fbref.com/en/matches/b333094b/Aston-Villa-Bournemouth-November-9-2025-Premier-League
2025-11-09,14:00 (15:00),Brentford,3–1,Newcastle United,17207,Gtech Community Stadium,Stuart Attwell,https://fbref.com/en/matches/7398b723/Brentford-Newcastle-United-November-9-2025-Premier-League
2025-11-09,14:00 (15:00),Crystal Palace,0–0,Brighton,24326,Selhurst Park,Tim Robinson,https://fbref.com/en/matches/d6740601/Crystal-Palace-Brighton-and-Hove-Albion-November-9-2025-Premier-League
2025-11-09,16:30 (17:30),Manchester City,3–0,Liverpool,52432,Etihad Stadium,Chris Kavanagh,https://fbref.com/en/matches/a126a64c/Manchester-City-Liverpool-November-9-2025-Premier-League
2025-11-09,14:00 (15:00),Nottingham Forest,3–1,Leeds United,30708,The City Ground,Jarred Gillett,https://fbref.com/en/matches/c2217a56/Nottingham-Forest-Leeds-United-November-9-2025-Premier-League
2025-11-22,15:00 (16:00),Bournemouth,2–2,West Ham United,11216,Vitality Stadium,Thomas Bramall,https://fbref.com/en/matches/f5c9621e/Bournemouth-West-Ham-United-November-22-2025-Premier-League
2025-11-22,15:00 (16:00),Brighton,2–1,Brentford,31458,The American Express Stadium,Chris Kavanagh,https://fbref.com/en/matches/3ad15355/Brighton-and-Hove-Albion-Brentford-November-22-2025-Premier-League
2025-11-22,12:30 (13:30),Burnley,0–2,Chelsea,21499,Turf Moor,Peter Bankes,https://fbref.com/en/matches/43c673dd/Burnley-Chelsea-November-22-2025-Premier-League
2025-11-22,15:00 (16:00),Fulham,1–0,Sunderland,27560,Craven Cottage,Darren England,https://fbref.com/en/matches/5cd7ef12/Fulham-Sunderland-November-22-2025-Premier-League
2025-11-22,15:00 (16:00),Liverpool,0–3,Nottingham Forest,60419,Anfield,Andy Madley,https://fbref.com/en/matches/2180fc9b/Liverpool-Nottingham-Forest-November-22-2025-Premier-League
2025-11-22,17:30 (18:30),Newcastle United,2–1,Manchester City,52181,St James' Park,Samuel Barrott,https://fbref.com/en/matches/efd005dc/Newcastle-United-Manchester-City-November-22-2025-Premier-League
2025-11-22,15:00 (16:00),Wolves,0–2,Crystal Palace,29976,Molineux Stadium,Anthony Taylor,https://fbref.com/en/matches/c90ed936/Wolverhampton-Wanderers-Crystal-Palace-November-22-2025-Premier-League
2025-11-23,16:30 (17:30),Arsenal,4–1,Tottenham Hotspur,60345,Emirates Stadium,Michael Oliver,https://fbref.com/en/matches/51a5792d/North-London-Derby-Arsenal-Tottenham-Hotspur-November-23-2025-Premier-League
2025-11-23,14:00 (15:00),Leeds United,1–2,Aston Villa,36819,Elland Road,Robert Jones,https://fbref.com/en/matches/53a69c4e/Leeds-United-Aston-Villa-November-23-2025-Premier-League
2025-11-24,20:00 (21:00),Manchester Utd,0–1,Everton,74158,Old Trafford,Tony Harrington,https://fbref.com/en/matches/69a9c9a3/Manchester-United-Everton-November-24-2025-Premier-League
2025-11-29,15:00 (16:00),Brentford,3–1,Burnley,17176,Gtech Community Stadium,Samuel Barrott,https://fbref.com/en/matches/5615f800/Brentford-Burnley-November-29-2025-Premier-League
2025-11-29,17:30 (18:30),Everton,1–4,Newcastle United,52489,Hill Dickinson Stadium,Craig Pawson,https://fbref.com/en/matches/1e17ace9/Everton-Newcastle-United-November-29-2025-Premier-League
2025-11-29,15:00 (16:00),Manchester City,3–2,Leeds United,52483,Etihad Stadium,Peter Bankes,https://fbref.com/en/matches/bfa73051/Manchester-City-Leeds-United-November-29-2025-Premier-League
2025-11-29,15:00 (16:00),Sunderland,3–2,Bournemouth,46973,Stadium of Light,Tim Robinson,https://fbref.com/en/matches/e118da78/Sunderland-Bournemouth-November-29-2025-Premier-League
2025-11-29,20:00 (21:00),Tottenham Hotspur,1–2,Fulham,60546,Tottenham Hotspur Stadium,Stuart Attwell,https://fbref.com/en/matches/34e802eb/Tottenham-Hotspur-Fulham-November-29-2025-Premier-League
2025-11-30,14:05 (15:05),Aston Villa,1–0,Wolves,42139,Villa Park,Chris Kavanagh,https://fbref.com/en/matches/117c4cab/Aston-Villa-Wolverhampton-Wanderers-November-30-2025-Premier-League
2025-11-30,16:30 (17:30),Chelsea,1–1,Arsenal,39820,Stamford Bridge,Anthony Taylor,https://fbref.com/en/matches/455c69b8/North-West-London-Derby-Chelsea-Arsenal-November-30-2025-Premier-League
2025-11-30,12:00 (13:00),Crystal Palace,1–2,Manchester Utd,25189,Selhurst Park,Robert Jones,https://fbref.com/en/matches/6857b94e/Crystal-Palace-Manchester-United-November-30-2025-Premier-League
2025-11-30,14:05 (15:05),Nottingham Forest,0–2,Brighton,30522,The City Ground,Michael Oliver,https://fbref.com/en/matches/2d580ed7/Nottingham-Forest-Brighton-and-Hove-Albion-November-30-2025-Premier-League
2025-11-30,14:05 (15:05),West Ham United,0–2,Liverpool,62469,London Stadium,Darren England,https://fbref.com/en/matches/090b47a6/West-Ham-United-Liverpool-November-30-2025-Premier-League
2025-12-02,19:30 (20:30),Bournemouth,0–1,Everton,11161,Vitality Stadium,Michael Salisbury,https://fbref.com/en/matches/6e2749c6/Bournemouth-Everton-December-2-2025-Premier-League
2025-12-02,19:30 (20:30),Fulham,4–5,Manchester City,26700,Craven Cottage,Craig Pawson,https://fbref.com/en/matches/83f0391d/Fulham-Manchester-City-December-2-2025-Premier-League
2025-12-02,20:15 (21:15),Newcastle United,2–2,Tottenham Hotspur,52007,St James' Park,Thomas Bramall,https://fbref.com/en/matches/7c5f15be/Newcastle-United-Tottenham-Hotspur-December-2-2025-Premier-League
2025-12-03,19:30 (20:30),Arsenal,2–0,Brentford,60110,Emirates Stadium,Tony Harrington,https://fbref.com/en/matches/576f681d/Arsenal-Brentford-December-3-2025-Premier-League
2025-12-03,19:30 (20:30),Brighton,3–4,Aston Villa,31247,The American Express Stadium,Andy Madley,https://fbref.com/en/matches/96d69898/Brighton-and-Hove-Albion-Aston-Villa-December-3-2025-Premier-League
2025-12-03,19:30 (20:30),Burnley,0–1,Crystal Palace,19365,Turf Moor,Thomas Kirk,https://fbref.com/en/matches/9f1131fe/Burnley-Crystal-Palace-December-3-2025-Premier-League
2025-12-03,20:15 (21:15),Leeds United,3–1,Chelsea,36767,Elland Road,Darren England,https://fbref.com/en/matches/6218f36c/Leeds-United-Chelsea-December-3-2025-Premier-League
2025-12-03,20:15 (21:15),Liverpool,1–1,Sunderland,60146,Anfield,Stuart Attwell,https://fbref.com/en/matches/1666070b/Liverpool-Sunderland-December-3-2025-Premier-League
2025-12-03,19:30 (20:30),Wolves,0–1,Nottingham Forest,28646,Molineux Stadium,Tim Robinson,https://fbref.com/en/matches/6f03844a/Wolverhampton-Wanderers-Nottingham-Forest-December-3-2025-Premier-League
2025-12-04,20:00 (21:00),Manchester Utd,1–1,West Ham United,73938,Old Trafford,Andrew Kitchen,https://fbref.com/en/matches/66fee216/Manchester-United-West-Ham-United-December-4-2025-Premier-League
2025-12-06,12:30 (13:30),Aston Villa,2–1,Arsenal,42888,Villa Park,Peter Bankes,https://fbref.com/en/matches/f6d068df/Aston-Villa-Arsenal-December-6-2025-Premier-League
2025-12-06,15:00 (16:00),Bournemouth,0–0,Chelsea,11240,Vitality Stadium,Michael Oliver,https://fbref.com/en/matches/c6875359/Bournemouth-Chelsea-December-6-2025-Premier-League
2025-12-06,15:00 (16:00),Everton,3–0,Nottingham Forest,52501,Hill Dickinson Stadium,Chris Kavanagh,https://fbref.com/en/matches/cbe24427/Everton-Nottingham-Forest-December-6-2025-Premier-League
2025-12-06,17:30 (18:30),Leeds United,3–3,Liverpool,36842,Elland Road,Anthony Taylor,https://fbref.com/en/matches/c0fc0aac/Leeds-United-Liverpool-December-6-2025-Premier-League
2025-12-06,15:00 (16:00),Manchester City,3–0,Sunderland,52436,Etihad Stadium,Andy Madley,https://fbref.com/en/matches/1f7cfc5f/Manchester-City-Sunderland-December-6-2025-Premier-League
2025-12-06,15:00 (16:00),Newcastle United,2–1,Burnley,52041,St James' Park,Stuart Attwell,https://fbref.com/en/matches/e5ed4270/Newcastle-United-Burnley-December-6-2025-Premier-League
2025-12-06,15:00 (16:00),Tottenham Hotspur,2–0,Brentford,60759,Tottenham Hotspur Stadium,Robert Jones,https://fbref.com/en/matches/9a4fd973/Tottenham-Hotspur-Brentford-December-6-2025-Premier-League
2025-12-07,14:00 (15:00),Brighton,1–1,West Ham United,31293,The American Express Stadium,Simon Hooper,https://fbref.com/en/matches/e5c1f07b/Brighton-and-Hove-Albion-West-Ham-United-December-7-2025-Premier-League
2025-12-07,16:30 (17:30),Fulham,1–2,Crystal Palace,27283,Craven Cottage,Samuel Barrott,https://fbref.com/en/matches/c0ececfd/Fulham-Crystal-Palace-December-7-2025-Premier-League
2025-12-08,20:00 (21:00),Wolves,1–4,Manchester Utd,30338,Molineux Stadium,Michael Salisbury,https://fbref.com/en/matches/d52338cb/Wolverhampton-Wanderers-Manchester-United-December-8-2025-Premier-League
2025-12-13,20:00 (21:00),Arsenal,2–1,Wolves,60242,Emirates Stadium,Robert Jones,https://fbref.com/en/matches/5914e624/Arsenal-Wolverhampton-Wanderers-December-13-2025-Premier-League
2025-12-13,17:30 (18:30),Burnley,2–3,Fulham,19739,Turf Moor,Michael Oliver,https://fbref.com/en/matches/993fe4a5/Burnley-Fulham-December-13-2025-Premier-League
2025-12-13,15:00 (16:00),Chelsea,2–0,Everton,39552,Stamford Bridge,Thomas Bramall,https://fbref.com/en/matches/33f5c26d/Chelsea-Everton-December-13-2025-Premier-League
2025-12-13,15:00 (16:00),Liverpool,2–0,Brighton,60429,Anfield,Craig Pawson,https://fbref.com/en/matches/9b6b7eac/Liverpool-Brighton-and-Hove-Albion-December-13-2025-Premier-League
2025-12-14,16:30 (17:30),Brentford,1–1,Leeds United,17159,Gtech Community Stadium,John Brooks,https://fbref.com/en/matches/68c62e00/Brentford-Leeds-United-December-14-2025-Premier-League
2025-12-14,14:00 (15:00),Crystal Palace,0–3,Manchester City,25166,Selhurst Park,Darren England,https://fbref.com/en/matches/88d54a65/Crystal-Palace-Manchester-City-December-14-2025-Premier-League
2025-12-14,14:00 (15:00),Nottingham Forest,3–0,Tottenham Hotspur,30579,The City Ground,Samuel Barrott,https://fbref.com/en/matches/30741081/Nottingham-Forest-Tottenham-Hotspur-December-14-2025-Premier-League
2025-12-14,14:00 (15:00),Sunderland,1–0,Newcastle United,47158,Stadium of Light,Peter Bankes,https://fbref.com/en/matches/f0108982/Sunderland-Newcastle-United-December-14-2025-Premier-League
2025-12-14,14:00 (15:00),West Ham United,2–3,Aston Villa,62447,London Stadium,Anthony Taylor,https://fbref.com/en/matches/88b3c085/West-Ham-United-Aston-Villa-December-14-2025-Premier-League
2025-12-15,20:00 (21:00),Manchester Utd,4–4,Bournemouth,73951,Old Trafford,Simon Hooper,https://fbref.com/en/matches/fe812068/Manchester-United-Bournemouth-December-15-2025-Premier-League
2025-12-20,15:00 (16:00),Bournemouth,1–1,Burnley,10762,Vitality Stadium,Chris Kavanagh,https://fbref.com/en/matches/f248c97b/Bournemouth-Burnley-December-20-2025-Premier-League
2025-12-20,15:00 (16:00),Brighton,0–0,Sunderland,31426,The American Express Stadium,Darren England,https://fbref.com/en/matches/8751f2e2/Brighton-and-Hove-Albion-Sunderland-December-20-2025-Premier-League
2025-12-20,20:00 (21:00),Everton,0–1,Arsenal,52513,Hill Dickinson Stadium,Samuel Barrott,https://fbref.com/en/matches/9bf2aba0/Everton-Arsenal-December-20-2025-Premier-League
2025-12-20,20:00 (21:00),Leeds United,4–1,Crystal Palace,36334,Elland Road,Thomas Bramall,https://fbref.com/en/matches/a105af33/Leeds-United-Crystal-Palace-December-20-2025-Premier-League
2025-12-20,15:00 (16:00),Manchester City,3–0,West Ham United,52454,Etihad Stadium,Paul Tierney,https://fbref.com/en/matches/56b82593/Manchester-City-West-Ham-United-December-20-2025-Premier-League
2025-12-20,12:30 (13:30),Newcastle United,2–2,Chelsea,52226,St James' Park,Andy Madley,https://fbref.com/en/matches/4972e40c/Newcastle-United-Chelsea-December-20-2025-Premier-League
2025-12-20,17:30 (18:30),Tottenham Hotspur,1–2,Liverpool,61138,Tottenham Hotspur Stadium,John Brooks,https://fbref.com/en/matches/30618752/Tottenham-Hotspur-Liverpool-December-20-2025-Premier-League
2025-12-20,15:00 (16:00),Wolves,0–2,Brentford,27662,Molineux Stadium,Matt Donohue,https://fbref.com/en/matches/3c79be9f/Wolverhampton-Wanderers-Brentford-December-20-2025-Premier-League
2025-12-21,16:30 (17:30),Aston Villa,2–1,Manchester Utd,43157,Villa Park,Michael Oliver,https://fbref.com/en/matches/0da8e4de/Aston-Villa-Manchester-United-December-21-2025-Premier-League
2025-12-22,20:00 (21:00),Fulham,1–0,Nottingham Forest,26647,Craven Cottage,Anthony Taylor,https://fbref.com/en/matches/23ee8b09/Fulham-Nottingham-Forest-December-22-2025-Premier-League
2025-12-26,20:00 (21:00),Manchester Utd,1–0,Newcastle United,73996,Old Trafford,Anthony Taylor,https://fbref.com/en/matches/aff462b8/Manchester-United-Newcastle-United-December-26-2025-Premier-League
2025-12-27,15:00 (16:00),Arsenal,2–1,Brighton,60209,Emirates Stadium,John Brooks,https://fbref.com/en/matches/ad61fc31/Arsenal-Brighton-and-Hove-Albion-December-27-2025-Premier-League
2025-12-27,15:00 (16:00),Brentford,4–1,Bournemouth,17152,Gtech Community Stadium,Peter Bankes,https://fbref.com/en/matches/512bb3b3/Brentford-Bournemouth-December-27-2025-Premier-League
2025-12-27,15:00 (16:00),Burnley,0–0,Everton,21637,Turf Moor,Craig Pawson,https://fbref.com/en/matches/8f2a6c20/Burnley-Everton-December-27-2025-Premier-League
2025-12-27,17:30 (18:30),Chelsea,1–2,Aston Villa,39765,Stamford Bridge,Stuart Attwell,https://fbref.com/en/matches/3ddb49f0/Chelsea-Aston-Villa-December-27-2025-Premier-League
2025-12-27,15:00 (16:00),Liverpool,2–1,Wolves,60466,Anfield,Simon Hooper,https://fbref.com/en/matches/b329ca7b/Liverpool-Wolverhampton-Wanderers-December-27-2025-Premier-League
2025-12-27,12:30 (13:30),Nottingham Forest,1–2,Manchester City,30778,The City Ground,Robert Jones,https://fbref.com/en/matches/8d38f2e5/Nottingham-Forest-Manchester-City-December-27-2025-Premier-League
2025-12-27,15:00 (16:00),West Ham United,0–1,Fulham,62464,London Stadium,Chris Kavanagh,https://fbref.com/en/matches/424b7408/West-Ham-United-Fulham-December-27-2025-Premier-League
2025-12-28,16:30 (17:30),Crystal Palace,0–1,Tottenham Hotspur,25186,Selhurst Park,Jarred Gillett,https://fbref.com/en/matches/da05abe0/Crystal-Palace-Tottenham-Hotspur-December-28-2025-Premier-League
2025-12-28,14:00 (15:00),Sunderland,1–1,Leeds United,46675,Stadium of Light,Tony Harrington,https://fbref.com/en/matches/9c510880/Sunderland-Leeds-United-December-28-2025-Premier-League
2025-12-30,20:15 (21:15),Arsenal,4–1,Aston Villa,60279,Emirates Stadium,Darren England,https://fbref.com/en/matches/89b4ea51/Arsenal-Aston-Villa-December-30-2025-Premier-League
2025-12-30,19:30 (20:30),Burnley,1–3,Newcastle United,21020,Turf Moor,Robert Jones,https://fbref.com/en/matches/7e8f51ca/Burnley-Newcastle-United-December-30-2025-Premier-League
2025-12-30,19:30 (20:30),Chelsea,2–2,Bournemouth,39765,Stamford Bridge,Samuel Barrott,https://fbref.com/en/matches/6abcb6e9/Chelsea-Bournemouth-December-30-2025-Premier-League
2025-12-30,20:15 (21:15),Manchester Utd,1–1,Wolves,73589,Old Trafford,Thomas Bramall,https://fbref.com/en/matches/bf3cb7a6/Manchester-United-Wolverhampton-Wanderers-December-30-2025-Premier-League
2025-12-30,19:30 (20:30),Nottingham Forest,0–2,Everton,30617,The City Ground,Michael Oliver,https://fbref.com/en/matches/9e232624/Nottingham-Forest-Everton-December-30-2025-Premier-League
2025-12-30,19:30 (20:30),West Ham United,2–2,Brighton,62464,London Stadium,Michael Salisbury,https://fbref.com/en/matches/2ed2a547/West-Ham-United-Brighton-and-Hove-Albion-December-30-2025-Premier-League
2026-01-01,20:00 (21:00),Brentford,0–0,Tottenham Hotspur,17141,Gtech Community Stadium,Andy Madley,https://fbref.com/en/matches/560a0a6c/Brentford-Tottenham-Hotspur-January-1-2026-Premier-League
2026-01-01,17:30 (18:30),Crystal Palace,1–1,Fulham,25111,Selhurst Park,Tony Harrington,https://fbref.com/en/matches/08780759/Crystal-Palace-Fulham-January-1-2026-Premier-League
2026-01-01,17:30 (18:30),Liverpool,0–0,Leeds United,60343,Anfield,Chris Kavanagh,https://fbref.com/en/matches/148c23a6/Liverpool-Leeds-United-January-1-2026-Premier-League
2026-01-01,20:00 (21:00),Sunderland,0–0,Manchester City,46920,Stadium of Light,Jarred Gillett,https://fbref.com/en/matches/3f843d94/Sunderland-Manchester-City-January-1-2026-Premier-League
2026-01-03,12:30 (13:30),Aston Villa,3–1,Nottingham Forest,43039,Villa Park,Simon Hooper,https://fbref.com/en/matches/4ef85729/Aston-Villa-Nottingham-Forest-January-3-2026-Premier-League
2026-01-03,17:30 (18:30),Bournemouth,2–3,Arsenal,11240,Vitality Stadium,Chris Kavanagh,https://fbref.com/en/matches/db124c87/Bournemouth-Arsenal-January-3-2026-Premier-League
2026-01-03,15:00 (16:00),Brighton,2–0,Burnley,31373,The American Express Stadium,Tim Robinson,https://fbref.com/en/matches/987e9f89/Brighton-and-Hove-Albion-Burnley-January-3-2026-Premier-League
2026-01-03,15:00 (16:00),Wolves,3–0,West Ham United,29874,Molineux Stadium,Peter Bankes,https://fbref.com/en/matches/9364f40b/Wolverhampton-Wanderers-West-Ham-United-January-3-2026-Premier-League
2026-01-04,15:00 (16:00),Everton,2–4,Brentford,52514,Hill Dickinson Stadium,Anthony Taylor,https://fbref.com/en/matches/a67dd0e7/Everton-Brentford-January-4-2026-Premier-League
2026-01-04,15:15 (16:15),Fulham,2–2,Liverpool,27547,Craven Cottage,Craig Pawson,https://fbref.com/en/matches/a5b3e9ba/Fulham-Liverpool-January-4-2026-Premier-League
2026-01-04,12:30 (13:30),Leeds United,1–1,Manchester Utd,36909,Elland Road,Jarred Gillett,https://fbref.com/en/matches/7ecdefc0/Leeds-United-Manchester-United-January-4-2026-Premier-League
2026-01-04,17:30 (18:30),Manchester City,1–1,Chelsea,52471,Etihad Stadium,Michael Oliver,https://fbref.com/en/matches/989daed4/Manchester-City-Chelsea-January-4-2026-Premier-League
2026-01-04,15:00 (16:00),Newcastle United,2–0,Crystal Palace,51979,St James' Park,John Brooks,https://fbref.com/en/matches/b4262b3c/Newcastle-United-Crystal-Palace-January-4-2026-Premier-League
2026-01-04,15:00 (16:00),Tottenham Hotspur,1–1,Sunderland,60877,Tottenham Hotspur Stadium,Stuart Attwell,https://fbref.com/en/matches/06bb7d71/Tottenham-Hotspur-Sunderland-January-4-2026-Premier-League
2026-01-06,20:00 (21:00),West Ham United,1–2,Nottingham Forest,62429,London Stadium,Tony Harrington,https://fbref.com/en/matches/e0b5b423/West-Ham-United-Nottingham-Forest-January-6-2026-Premier-League
2026-01-07,19:30 (20:30),Bournemouth,3–2,Tottenham Hotspur,11212,Vitality Stadium,Darren England,https://fbref.com/en/matches/269b2844/Bournemouth-Tottenham-Hotspur-January-7-2026-Premier-League
2026-01-07,19:30 (20:30),Brentford,3–0,Sunderland,17016,Gtech Community Stadium,Matt Donohue,https://fbref.com/en/matches/9c19f0b3/Brentford-Sunderland-January-7-2026-Premier-League
2026-01-07,20:15 (21:15),Burnley,2–2,Manchester Utd,21047,Turf Moor,Stuart Attwell,https://fbref.com/en/matches/d85506f2/Burnley-Manchester-United-January-7-2026-Premier-League
2026-01-07,19:30 (20:30),Crystal Palace,0–0,Aston Villa,24841,Selhurst Park,Andy Madley,https://fbref.com/en/matches/f5a77398/Crystal-Palace-Aston-Villa-January-7-2026-Premier-League
2026-01-07,19:30 (20:30),Everton,1–1,Wolves,51768,Hill Dickinson Stadium,Thomas Kirk,https://fbref.com/en/matches/6512ce95/Everton-Wolverhampton-Wanderers-January-7-2026-Premier-League
2026-01-07,19:30 (20:30),Fulham,2–1,Chelsea,26990,Craven Cottage,Peter Bankes,https://fbref.com/en/matches/21522578/Fulham-Chelsea-January-7-2026-Premier-League
2026-01-07,19:30 (20:30),Manchester City,1–1,Brighton,51728,Etihad Stadium,Thomas Bramall,https://fbref.com/en/matches/009bbc59/Manchester-City-Brighton-and-Hove-Albion-January-7-2026-Premier-League
2026-01-07,20:15 (21:15),Newcastle United,4–3,Leeds United,51176,St James' Park,Michael Salisbury,https://fbref.com/en/matches/460a6353/Newcastle-United-Leeds-United-January-7-2026-Premier-League
2026-01-08,20:00 (21:00),Arsenal,0–0,Liverpool,60258,Emirates Stadium,Anthony Taylor,https://fbref.com/en/matches/2b794de5/Arsenal-Liverpool-January-8-2026-Premier-League
2026-01-17,15:00 (16:00),Chelsea,2–0,Brentford,39704,Stamford Bridge,John Brooks,https://fbref.com/en/matches/ad299900/Chelsea-Brentford-January-17-2026-Premier-League
2026-01-17,15:00 (16:00),Leeds United,1–0,Fulham,36300,Elland Road,Chris Kavanagh,https://fbref.com/en/matches/8179bcb9/Leeds-United-Fulham-January-17-2026-Premier-League
2026-01-17,15:00 (16:00),Liverpool,1–1,Burnley,60431,Anfield,Andy Madley,https://fbref.com/en/matches/cf2163fd/Liverpool-Burnley-January-17-2026-Premier-League
2026-01-17,12:30 (13:30),Manchester Utd,2–0,Manchester City,74004,Old Trafford,Anthony Taylor,https://fbref.com/en/matches/185626e2/Manchester-Derby-Manchester-United-Manchester-City-January-17-2026-Premier-League
2026-01-17,17:30 (18:30),Nottingham Forest,0–0,Arsenal,30729,The City Ground,Michael Oliver,https://fbref.com/en/matches/345215db/Nottingham-Forest-Arsenal-January-17-2026-Premier-League
2026-01-17,15:00 (16:00),Sunderland,2–1,Crystal Palace,47257,Stadium of Light,Robert Jones,https://fbref.com/en/matches/fd2bfdd0/Sunderland-Crystal-Palace-January-17-2026-Premier-League
2026-01-17,15:00 (16:00),Tottenham Hotspur,1–2,West Ham United,60857,Tottenham Hotspur Stadium,Jarred Gillett,https://fbref.com/en/matches/f320a9c9/Tottenham-Hotspur-West-Ham-United-January-17-2026-Premier-League
2026-01-18,16:30 (17:30),Aston Villa,0–1,Everton,43059,Villa Park,Tony Harrington,https://fbref.com/en/matches/fb95c6a0/Aston-Villa-Everton-January-18-2026-Premier-League
2026-01-18,14:00 (15:00),Wolves,0–0,Newcastle United,29751,Molineux Stadium,Samuel Barrott,https://fbref.com/en/matches/318b1da4/Wolverhampton-Wanderers-Newcastle-United-January-18-2026-Premier-League
2026-01-19,20:00 (21:00),Brighton,1–1,Bournemouth,30172,The American Express Stadium,Paul Tierney,https://fbref.com/en/matches/f118b5cb/Brighton-and-Hove-Albion-Bournemouth-January-19-2026-Premier-League
2026-01-24,17:30 (18:30),Bournemouth,3–2,Liverpool,11260,Vitality Stadium,Michael Salisbury,https://fbref.com/en/matches/accb3a02/Bournemouth-Liverpool-January-24-2026-Premier-League
2026-01-24,15:00 (16:00),Burnley,2–2,Tottenham Hotspur,21618,Turf Moor,Peter Bankes,https://fbref.com/en/matches/c4255de6/Burnley-Tottenham-Hotspur-January-24-2026-Premier-League
2026-01-24,15:00 (16:00),Fulham,2–1,Brighton,27239,Craven Cottage,Michael Oliver,https://fbref.com/en/matches/c6401377/Fulham-Brighton-and-Hove-Albion-January-24-2026-Premier-League
2026-01-24,15:00 (16:00),Manchester City,2–0,Wolves,52469,Etihad Stadium,Farai Hallam,https://fbref.com/en/matches/ebde1961/Manchester-City-Wolverhampton-Wanderers-January-24-2026-Premier-League
2026-01-24,12:30 (13:30),West Ham United,3–1,Sunderland,62456,London Stadium,Thomas Bramall,https://fbref.com/en/matches/0032e7a3/West-Ham-United-Sunderland-January-24-2026-Premier-League
2026-01-25,16:30 (17:30),Arsenal,2–3,Manchester Utd,60296,Emirates Stadium,Craig Pawson,https://fbref.com/en/matches/776b0a40/Arsenal-Manchester-United-January-25-2026-Premier-League
2026-01-25,14:00 (15:00),Brentford,0–2,Nottingham Forest,17134,Gtech Community Stadium,Samuel Barrott,https://fbref.com/en/matches/6f5cb4ab/Brentford-Nottingham-Forest-January-25-2026-Premier-League
2026-01-25,14:00 (15:00),Crystal Palace,1–3,Chelsea,25163,Selhurst Park,Darren England,https://fbref.com/en/matches/8aa8dc76/Crystal-Palace-Chelsea-January-25-2026-Premier-League
2026-01-25,14:00 (15:00),Newcastle United,0–2,Aston Villa,52134,St James' Park,Jarred Gillett,https://fbref.com/en/matches/fbd2a96b/Newcastle-United-Aston-Villa-January-25-2026-Premier-League
2026-01-26,20:00 (21:00),Everton,1–1,Leeds United,51979,Hill Dickinson Stadium,Simon Hooper,https://fbref.com/en/matches/2cd65ee9/Everton-Leeds-United-January-26-2026-Premier-League
2026-01-31,15:00 (16:00),Brighton,1–1,Everton,31419,The American Express Stadium,Chris Kavanagh,https://fbref.com/en/matches/3fccfdc9/Brighton-and-Hove-Albion-Everton-January-31-2026-Premier-League
2026-01-31,17:30 (18:30),Chelsea,3–2,West Ham United,39361,Stamford Bridge,Anthony Taylor,https://fbref.com/en/matches/a2d7d043/Chelsea-West-Ham-United-January-31-2026-Premier-League
2026-01-31,15:00 (16:00),Leeds United,0–4,Arsenal,36858,Elland Road,Stuart Attwell,https://fbref.com/en/matches/0b316a86/Leeds-United-Arsenal-January-31-2026-Premier-League
2026-01-31,20:00 (21:00),Liverpool,4–1,Newcastle United,60416,Anfield,Simon Hooper,https://fbref.com/en/matches/753e73e5/Liverpool-Newcastle-United-January-31-2026-Premier-League
2026-01-31,15:00 (16:00),Wolves,0–2,Bournemouth,30161,Molineux Stadium,Michael Oliver,https://fbref.com/en/matches/535a977f/Wolverhampton-Wanderers-Bournemouth-January-31-2026-Premier-League
2026-02-01,14:00 (15:00),Aston Villa,0–1,Brentford,41415,Villa Park,Tim Robinson,https://fbref.com/en/matches/291c58ad/Aston-Villa-Brentford-February-1-2026-Premier-League
2026-02-01,14:00 (15:00),Manchester Utd,3–2,Fulham,73895,Old Trafford,John Brooks,https://fbref.com/en/matches/d35c00df/Manchester-United-Fulham-February-1-2026-Premier-League
2026-02-01,14:00 (15:00),Nottingham Forest,1–1,Crystal Palace,30334,The City Ground,Tony Harrington,https://fbref.com/en/matches/a68e5dc6/Nottingham-Forest-Crystal-Palace-February-1-2026-Premier-League
2026-02-01,16:30 (17:30),Tottenham Hotspur,2–2,Manchester City,61337,Tottenham Hotspur Stadium,Robert Jones,https://fbref.com/en/matches/bf964dbb/Tottenham-Hotspur-Manchester-City-February-1-2026-Premier-League
2026-02-02,20:00 (21:00),Sunderland,3–0,Burnley,46370,Stadium of Light,Paul Tierney,https://fbref.com/en/matches/8e2fb73d/Sunderland-Burnley-February-2-2026-Premier-League
2026-02-06,20:00 (21:00),Leeds United,3–1,Nottingham Forest,36835,Elland Road,Peter Bankes,https://fbref.com/en/matches/58356b12/Leeds-United-Nottingham-Forest-February-6-2026-Premier-League
2026-02-07,15:00 (16:00),Arsenal,3–0,Sunderland,60312,Emirates Stadium,Samuel Barrott,https://fbref.com/en/matches/686d660a/Arsenal-Sunderland-February-7-2026-Premier-League
2026-02-07,15:00 (16:00),Bournemouth,1–1,Aston Villa,11248,Vitality Stadium,Anthony Taylor,https://fbref.com/en/matches/d946c716/Bournemouth-Aston-Villa-February-7-2026-Premier-League
2026-02-07,15:00 (16:00),Burnley,0–2,West Ham United,21273,Turf Moor,Darren England,https://fbref.com/en/matches/80ab7be1/Burnley-West-Ham-United-February-7-2026-Premier-League
2026-02-07,15:00 (16:00),Fulham,1–2,Everton,27155,Craven Cottage,Stuart Attwell,https://fbref.com/en/matches/488d99a3/Fulham-Everton-February-7-2026-Premier-League
2026-02-07,12:30 (13:30),Manchester Utd,2–0,Tottenham Hotspur,73985,Old Trafford,Michael Oliver,https://fbref.com/en/matches/1de9b261/Manchester-United-Tottenham-Hotspur-February-7-2026-Premier-League
2026-02-07,17:30 (18:30),Newcastle United,2–3,Brentford,52032,St James' Park,Andy Madley,https://fbref.com/en/matches/c576b069/Newcastle-United-Brentford-February-7-2026-Premier-League
2026-02-07,15:00 (16:00),Wolves,1–3,Chelsea,29762,Molineux Stadium,Jarred Gillett,https://fbref.com/en/matches/a8e11f0c/Wolverhampton-Wanderers-Chelsea-February-7-2026-Premier-League
2026-02-08,14:00 (15:00),Brighton,0–1,Crystal Palace,31179,The American Express Stadium,Thomas Bramall,https://fbref.com/en/matches/d16c9a31/Brighton-and-Hove-Albion-Crystal-Palace-February-8-2026-Premier-League
2026-02-08,16:30 (17:30),Liverpool,1–2,Manchester City,60336,Anfield,Craig Pawson,https://fbref.com/en/matches/7fa414c3/Liverpool-Manchester-City-February-8-2026-Premier-League
2026-02-10,19:30 (20:30),Chelsea,2–2,Leeds United,39253,Stamford Bridge,Robert Jones,https://fbref.com/en/matches/c2e2594b/Chelsea-Leeds-United-February-10-2026-Premier-League
2026-02-10,19:30 (20:30),Everton,1–2,Bournemouth,51793,Hill Dickinson Stadium,Andy Madley,https://fbref.com/en/matches/5edb7f11/Everton-Bournemouth-February-10-2026-Premier-League
2026-02-10,19:30 (20:30),Tottenham Hotspur,1–2,Newcastle United,59773,Tottenham Hotspur Stadium,Anthony Taylor,https://fbref.com/en/matches/bacd18c5/Tottenham-Hotspur-Newcastle-United-February-10-2026-Premier-League
2026-02-10,20:15 (21:15),West Ham United,1–1,Manchester Utd,62473,London Stadium,Simon Hooper,https://fbref.com/en/matches/1c8e3956/West-Ham-United-Manchester-United-February-10-2026-Premier-League
2026-02-11,19:30 (20:30),Aston Villa,1–0,Brighton,39495,Villa Park,Peter Bankes,https://fbref.com/en/matches/0e41702d/Aston-Villa-Brighton-and-Hove-Albion-February-11-2026-Premier-League
2026-02-11,19:40 (20:40),Crystal Palace,2–3,Burnley,24641,Selhurst Park,Farai Hallam,https://fbref.com/en/matches/2d7aef82/Crystal-Palace-Burnley-February-11-2026-Premier-League
2026-02-11,19:30 (20:30),Manchester City,3–0,Fulham,50717,Etihad Stadium,Paul Tierney,https://fbref.com/en/matches/d1da1b85/Manchester-City-Fulham-February-11-2026-Premier-League
2026-02-11,19:30 (20:30),Nottingham Forest,0–0,Wolves,29921,The City Ground,Tim Robinson,https://fbref.com/en/matches/aecf5052/Nottingham-Forest-Wolverhampton-Wanderers-February-11-2026-Premier-League
2026-02-11,20:15 (21:15),Sunderland,0–1,Liverpool,47159,Stadium of Light,Chris Kavanagh,https://fbref.com/en/matches/854a0e6b/Sunderland-Liverpool-February-11-2026-Premier-League
2026-02-12,20:00 (21:00),Brentford,1–1,Arsenal,17224,Gtech Community Stadium,John Brooks,https://fbref.com/en/matches/33167c49/Brentford-Arsenal-February-12-2026-Premier-League
2026-02-18,20:00 (21:00),Wolves,2–2,Arsenal,29843,Molineux Stadium,Paul Tierney,https://fbref.com/en/matches/96241478/Wolverhampton-Wanderers-Arsenal-February-18-2026-Premier-League
2026-02-21,15:00 (16:00),Aston Villa,1–1,Leeds United,43048,Villa Park,Michael Oliver,https://fbref.com/en/matches/be7eca24/Aston-Villa-Leeds-United-February-21-2026-Premier-League
2026-02-21,15:00 (16:00),Brentford,0–2,Brighton,17163,Gtech Community Stadium,Jarred Gillett,https://fbref.com/en/matches/fefcfa2d/Brentford-Brighton-and-Hove-Albion-February-21-2026-Premier-League
2026-02-21,15:00 (16:00),Chelsea,1–1,Burnley,39603,Stamford Bridge,Lewis Smith,https://fbref.com/en/matches/27fb98e5/Chelsea-Burnley-February-21-2026-Premier-League
2026-02-21,20:00 (21:00),Manchester City,2–1,Newcastle United,52187,Etihad Stadium,Thomas Bramall,https://fbref.com/en/matches/dfba2599/Manchester-City-Newcastle-United-February-21-2026-Premier-League
2026-02-21,17:30 (18:30),West Ham United,0–0,Bournemouth,62437,London Stadium,Samuel Barrott,https://fbref.com/en/matches/cd5c0387/West-Ham-United-Bournemouth-February-21-2026-Premier-League
2026-02-22,14:00 (15:00),Crystal Palace,1–0,Wolves,24547,Selhurst Park,Thomas Kirk,https://fbref.com/en/matches/224feca9/Crystal-Palace-Wolverhampton-Wanderers-February-22-2026-Premier-League
2026-02-22,14:00 (15:00),Nottingham Forest,0–1,Liverpool,30737,The City Ground,Anthony Taylor,https://fbref.com/en/matches/6f6574df/Nottingham-Forest-Liverpool-February-22-2026-Premier-League
2026-02-22,14:00 (15:00),Sunderland,1–3,Fulham,47222,Stadium of Light,Craig Pawson,https://fbref.com/en/matches/22326a55/Sunderland-Fulham-February-22-2026-Premier-League
2026-02-22,16:30 (17:30),Tottenham Hotspur,1–4,Arsenal,61439,Tottenham Hotspur Stadium,Peter Bankes,https://fbref.com/en/matches/d8c5bce1/North-London-Derby-Tottenham-Hotspur-Arsenal-February-22-2026-Premier-League
2026-02-23,20:00 (21:00),Everton,0–1,Manchester Utd,52326,Hill Dickinson Stadium,Darren England,https://fbref.com/en/matches/11883630/Everton-Manchester-United-February-23-2026-Premier-League
2026-02-27,20:00 (21:00),Wolves,2–0,Aston Villa,30197,Molineux Stadium,Craig Pawson,https://fbref.com/en/matches/0061259a/Wolverhampton-Wanderers-Aston-Villa-February-27-2026-Premier-League
2026-02-28,12:30 (13:30),Bournemouth,1–1,Sunderland,11240,Vitality Stadium,Jarred Gillett,https://fbref.com/en/matches/ddcde425/Bournemouth-Sunderland-February-28-2026-Premier-League
2026-02-28,15:00 (16:00),Burnley,3–4,Brentford,20069,Turf Moor,Samuel Barrott,https://fbref.com/en/matches/f8fc799f/Burnley-Brentford-February-28-2026-Premier-League
2026-02-28,17:30 (18:30),Leeds United,0–1,Manchester City,36838,Elland Road,Peter Bankes,https://fbref.com/en/matches/baf5cbeb/Leeds-United-Manchester-City-February-28-2026-Premier-League
2026-02-28,15:00 (16:00),Liverpool,5–2,West Ham United,60425,Anfield,Tim Robinson,https://fbref.com/en/matches/7457ff50/Liverpool-West-Ham-United-February-28-2026-Premier-League
2026-02-28,15:00 (16:00),Newcastle United,2–3,Everton,52514,St James' Park,Stuart Attwell,https://fbref.com/en/matches/d29535da/Newcastle-United-Everton-February-28-2026-Premier-League
2026-03-01,16:30 (17:30),Arsenal,2–1,Chelsea,60296,Emirates Stadium,Darren England,https://fbref.com/en/matches/afbe13a4/North-West-London-Derby-Arsenal-Chelsea-March-1-2026-Premier-League
2026-03-01,14:00 (15:00),Brighton,2–1,Nottingham Forest,31427,The American Express Stadium,Andy Madley,https://fbref.com/en/matches/061afa51/Brighton-and-Hove-Albion-Nottingham-Forest-March-1-2026-Premier-League
2026-03-01,14:00 (15:00),Fulham,2–1,Tottenham Hotspur,27439,Craven Cottage,Thomas Bramall,https://fbref.com/en/matches/574b356f/Fulham-Tottenham-Hotspur-March-1-2026-Premier-League
2026-03-01,14:00 (15:00),Manchester Utd,2–1,Crystal Palace,73934,Old Trafford,Chris Kavanagh,https://fbref.com/en/matches/0dc41c01/Manchester-United-Crystal-Palace-March-1-2026-Premier-League
2026-03-03,19:30 (20:30),Bournemouth,0–0,Brentford,11108,Vitality Stadium,Craig Pawson,https://fbref.com/en/matches/86786c01/Bournemouth-Brentford-March-3-2026-Premier-League
2026-03-03,19:30 (20:30),Everton,2–0,Burnley,51959,Hill Dickinson Stadium,Tim Robinson,https://fbref.com/en/matches/4907f8ee/Everton-Burnley-March-3-2026-Premier-League
2026-03-03,19:30 (20:30),Leeds United,0–1,Sunderland,36713,Elland Road,Stuart Attwell,https://fbref.com/en/matches/aebc568f/Leeds-United-Sunderland-March-3-2026-Premier-League
2026-03-03,20:15 (21:15),Wolves,2–1,Liverpool,30247,Molineux Stadium,Thomas Bramall,https://fbref.com/en/matches/79e52ce5/Wolverhampton-Wanderers-Liverpool-March-3-2026-Premier-League
2026-03-04,19:30 (20:30),Aston Villa,1–4,Chelsea,42084,Villa Park,Jarred Gillett,https://fbref.com/en/matches/2f844910/Aston-Villa-Chelsea-March-4-2026-Premier-League
2026-03-04,19:30 (20:30),Brighton,0–1,Arsenal,31575,The American Express Stadium,Chris Kavanagh,https://fbref.com/en/matches/7710fcb8/Brighton-and-Hove-Albion-Arsenal-March-4-2026-Premier-League
2026-03-04,19:30 (20:30),Fulham,0–1,West Ham United,27191,Craven Cottage,Matt Donohue,https://fbref.com/en/matches/a13b6a4b/Fulham-West-Ham-United-March-4-2026-Premier-League
2026-03-04,19:30 (20:30),Manchester City,2–2,Nottingham Forest,51965,Etihad Stadium,Darren England,https://fbref.com/en/matches/bbad5618/Manchester-City-Nottingham-Forest-March-4-2026-Premier-League
2026-03-04,20:15 (21:15),Newcastle United,2–1,Manchester Utd,52184,St James' Park,Peter Bankes,https://fbref.com/en/matches/ef9a5f6d/Newcastle-United-Manchester-United-March-4-2026-Premier-League
2026-03-05,20:00 (21:00),Tottenham Hotspur,1–3,Crystal Palace,60213,Tottenham Hotspur Stadium,Andy Madley,https://fbref.com/en/matches/f4ad79f6/Tottenham-Hotspur-Crystal-Palace-March-5-2026-Premier-League
2026-03-14,17:30 (18:30),Arsenal,2–0,Everton,60176,Emirates Stadium,Andy Madley,https://fbref.com/en/matches/07b4b588/Arsenal-Everton-March-14-2026-Premier-League
2026-03-14,15:00 (16:00),Burnley,0–0,Bournemouth,20281,Turf Moor,Peter Bankes,https://fbref.com/en/matches/2e682c02/Burnley-Bournemouth-March-14-2026-Premier-League
2026-03-14,17:30 (18:30),Chelsea,0–1,Newcastle United,39587,Stamford Bridge,Paul Tierney,https://fbref.com/en/matches/b0544110/Chelsea-Newcastle-United-March-14-2026-Premier-League
2026-03-14,15:00 (16:00),Sunderland,0–1,Brighton,45497,Stadium of Light,Thomas Kirk,https://fbref.com/en/matches/8c18f2a7/Sunderland-Brighton-and-Hove-Albion-March-14-2026-Premier-League
2026-03-14,20:00 (21:00),West Ham United,1–1,Manchester City,62459,London Stadium,Michael Oliver,https://fbref.com/en/matches/d18bda53/West-Ham-United-Manchester-City-March-14-2026-Premier-League
2026-03-15,14:00 (15:00),Crystal Palace,0–0,Leeds United,25155,Selhurst Park,Thomas Bramall,https://fbref.com/en/matches/82c4b5d5/Crystal-Palace-Leeds-United-March-15-2026-Premier-League
2026-03-15,16:30 (17:30),Liverpool,1–1,Tottenham Hotspur,60248,Anfield,Chris Kavanagh,https://fbref.com/en/matches/6126fdae/Liverpool-Tottenham-Hotspur-March-15-2026-Premier-League
2026-03-15,14:00 (15:00),Manchester Utd,3–1,Aston Villa,73997,Old Trafford,Anthony Taylor,https://fbref.com/en/matches/3eb865bb/Manchester-United-Aston-Villa-March-15-2026-Premier-League
2026-03-15,14:00 (15:00),Nottingham Forest,0–0,Fulham,30013,The City Ground,Samuel Barrott,https://fbref.com/en/matches/46ba2256/Nottingham-Forest-Fulham-March-15-2026-Premier-League
2026-03-16,20:00 (21:00),Brentford,2–2,Wolves,17155,Gtech Community Stadium,Stuart Attwell,https://fbref.com/en/matches/f206e250/Brentford-Wolverhampton-Wanderers-March-16-2026-Premier-League
2026-03-20,20:00 (21:00),Bournemouth,2–2,Manchester Utd,11250,Vitality Stadium,Stuart Attwell,https://fbref.com/en/matches/92da9022/Bournemouth-Manchester-United-March-20-2026-Premier-League
2026-03-21,12:45 (13:45),Brighton,2–1,Liverpool,31680,The American Express Stadium,Darren England,https://fbref.com/en/matches/74a9797c/Brighton-and-Hove-Albion-Liverpool-March-21-2026-Premier-League
2026-03-21,17:30 (18:30),Everton,3–0,Chelsea,52547,Hill Dickinson Stadium,Samuel Barrott,https://fbref.com/en/matches/224ff314/Everton-Chelsea-March-21-2026-Premier-League
2026-03-21,15:00 (16:00),Fulham,3–1,Burnley,27323,Craven Cottage,Chris Kavanagh,https://fbref.com/en/matches/2daef12e/Fulham-Burnley-March-21-2026-Premier-League
2026-03-21,20:00 (21:00),Leeds United,0–0,Brentford,36386,Elland Road,Jarred Gillett,https://fbref.com/en/matches/fbe78f2d/Leeds-United-Brentford-March-21-2026-Premier-League
2026-03-22,14:15 (15:15),Aston Villa,2–0,West Ham United,42130,Villa Park,Paul Tierney,https://fbref.com/en/matches/3d4d50ca/Aston-Villa-West-Ham-United-March-22-2026-Premier-League
2026-03-22,12:00 (13:00),Newcastle United,1–2,Sunderland,52253,St James' Park,Anthony Taylor,https://fbref.com/en/matches/91a43688/Newcastle-United-Sunderland-March-22-2026-Premier-League
2026-03-22,14:15 (15:15),Tottenham Hotspur,0–3,Nottingham Forest,61519,Tottenham Hotspur Stadium,Michael Oliver,https://fbref.com/en/matches/99b853a8/Tottenham-Hotspur-Nottingham-Forest-March-22-2026-Premier-League
2026-04-10,20:00 (21:00),West Ham United,4–0,Wolves,62457,London Stadium,Jarred Gillett,https://fbref.com/en/matches/91b6a5b2/West-Ham-United-Wolverhampton-Wanderers-April-10-2026-Premier-League
2026-04-11,12:30 (13:30),Arsenal,1–2,Bournemouth,60210,Emirates Stadium,Michael Oliver,https://fbref.com/en/matches/38b3efe9/Arsenal-Bournemouth-April-11-2026-Premier-League
2026-04-11,15:00 (16:00),Brentford,2–2,Everton,17220,Gtech Community Stadium,Farai Hallam,https://fbref.com/en/matches/4ad6111d/Brentford-Everton-April-11-2026-Premier-League
2026-04-11,15:00 (16:00),Burnley,0–2,Brighton,20408,Turf Moor,Thomas Bramall,https://fbref.com/en/matches/8a4e78e0/Burnley-Brighton-and-Hove-Albion-April-11-2026-Premier-League
2026-04-11,17:30 (18:30),Liverpool,2–0,Fulham,60401,Anfield,Anthony Taylor,https://fbref.com/en/matches/49d03039/Liverpool-Fulham-April-11-2026-Premier-League
2026-04-12,16:30 (17:30),Chelsea,0–3,Manchester City,39552,Stamford Bridge,Chris Kavanagh,https://fbref.com/en/matches/5b6c0657/Chelsea-Manchester-City-April-12-2026-Premier-League
2026-04-12,14:00 (15:00),Crystal Palace,2–1,Newcastle United,25141,Selhurst Park,Andy Madley,https://fbref.com/en/matches/1fd7d0d8/Crystal-Palace-Newcastle-United-April-12-2026-Premier-League
2026-04-12,14:00 (15:00),Nottingham Forest,1–1,Aston Villa,30591,The City Ground,Michael Salisbury,https://fbref.com/en/matches/f2dc47b8/Nottingham-Forest-Aston-Villa-April-12-2026-Premier-League
2026-04-12,14:00 (15:00),Sunderland,1–0,Tottenham Hotspur,47010,Stadium of Light,Robert Jones,https://fbref.com/en/matches/b15e7296/Sunderland-Tottenham-Hotspur-April-12-2026-Premier-League
2026-04-13,20:00 (21:00),Manchester Utd,1–2,Leeds United,73989,Old Trafford,Paul Tierney,https://fbref.com/en/matches/857d7924/Manchester-United-Leeds-United-April-13-2026-Premier-League
2026-04-18,12:30 (13:30),Brentford,0–0,Fulham,17171,Gtech Community Stadium,Paul Tierney,https://fbref.com/en/matches/ffa0f139/Brentford-Fulham-April-18-2026-Premier-League
2026-04-18,20:00 (21:00),Chelsea,0–1,Manchester Utd,39733,Stamford Bridge,Michael Oliver,https://fbref.com/en/matches/6053da7e/Chelsea-Manchester-United-April-18-2026-Premier-League
2026-04-18,15:00 (16:00),Leeds United,3–0,Wolves,36840,Elland Road,Farai Hallam,https://fbref.com/en/matches/f039597c/Leeds-United-Wolverhampton-Wanderers-April-18-2026-Premier-League
2026-04-18,15:00 (16:00),Newcastle United,1–2,Bournemouth,52109,St James' Park,Thomas Bramall,https://fbref.com/en/matches/9a65e248/Newcastle-United-Bournemouth-April-18-2026-Premier-League
2026-04-18,17:30 (18:30),Tottenham Hotspur,2–2,Brighton,61167,Tottenham Hotspur Stadium,Stuart Attwell,https://fbref.com/en/matches/4ac6e328/Tottenham-Hotspur-Brighton-and-Hove-Albion-April-18-2026-Premier-League
2026-04-19,14:00 (15:00),Aston Villa,4–3,Sunderland,42599,Villa Park,Samuel Barrott,https://fbref.com/en/matches/c874d7e6/Aston-Villa-Sunderland-April-19-2026-Premier-League
2026-04-19,14:00 (15:00),Everton,1–2,Liverpool,52585,Hill Dickinson Stadium,Chris Kavanagh,https://fbref.com/en/matches/02dbe729/Merseyside-Derby-Everton-Liverpool-April-19-2026-Premier-League
2026-04-19,16:30 (17:30),Manchester City,2–1,Arsenal,52523,Etihad Stadium,Anthony Taylor,https://fbref.com/en/matches/7e3c19a1/Manchester-City-Arsenal-April-19-2026-Premier-League
2026-04-19,14:00 (15:00),Nottingham Forest,4–1,Burnley,29458,The City Ground,Thomas Kirk,https://fbref.com/en/matches/756bc106/Nottingham-Forest-Burnley-April-19-2026-Premier-League
2026-04-20,20:00 (21:00),Crystal Palace,0–0,West Ham United,24974,Selhurst Park,Darren England,https://fbref.com/en/matches/1b93b08a/Crystal-Palace-West-Ham-United-April-20-2026-Premier-League
2026-04-21,20:00 (21:00),Brighton,3–0,Chelsea,31220,The American Express Stadium,Craig Pawson,https://fbref.com/en/matches/98622df4/Brighton-and-Hove-Albion-Chelsea-April-21-2026-Premier-League
2026-04-22,20:00 (21:00),Bournemouth,2–2,Leeds United,11226,Vitality Stadium,Michael Salisbury,https://fbref.com/en/matches/5ca5500a/Bournemouth-Leeds-United-April-22-2026-Premier-League
2026-04-22,20:00 (21:00),Burnley,0–1,Manchester City,21259,Turf Moor,Andy Madley,https://fbref.com/en/matches/d4c039e0/Burnley-Manchester-City-April-22-2026-Premier-League
2026-04-24,20:00 (21:00),Sunderland,0–5,Nottingham Forest,47132,Stadium of Light,Darren England,https://fbref.com/en/matches/1b9afc4b/Sunderland-Nottingham-Forest-April-24-2026-Premier-League
2026-04-25,17:30 (18:30),Arsenal,1–0,Newcastle United,60204,Emirates Stadium,Samuel Barrott,https://fbref.com/en/matches/aaff013b/Arsenal-Newcastle-United-April-25-2026-Premier-League
2026-04-25,12:30 (13:30),Fulham,1–0,Aston Villa,27606,Craven Cottage,Michael Oliver,https://fbref.com/en/matches/e38ffa68/Fulham-Aston-Villa-April-25-2026-Premier-League
2026-04-25,15:00 (16:00),Liverpool,3–1,Crystal Palace,60314,Anfield,Andy Madley,https://fbref.com/en/matches/2ffa2be0/Liverpool-Crystal-Palace-April-25-2026-Premier-League
2026-04-25,15:00 (16:00),West Ham United,2–1,Everton,62454,London Stadium,Stuart Attwell,https://fbref.com/en/matches/a0cc665c/West-Ham-United-Everton-April-25-2026-Premier-League
2026-04-25,15:00 (16:00),Wolves,0–1,Tottenham Hotspur,31253,Molineux Stadium,Anthony Taylor,https://fbref.com/en/matches/3b97170d/Wolverhampton-Wanderers-Tottenham-Hotspur-April-25-2026-Premier-League
2026-04-27,20:00 (21:00),Manchester Utd,2–1,Brentford,73773,Old Trafford,Chris Kavanagh,https://fbref.com/en/matches/d90d2b6c/Manchester-United-Brentford-April-27-2026-Premier-League
2026-05-01,20:00 (21:00),Leeds United,3–1,Burnley,36265,Elland Road,Thomas Bramall,https://fbref.com/en/matches/a951ce95/Leeds-United-Burnley-May-1-2026-Premier-League
2026-05-02,17:30 (18:30),Arsenal,3–0,Fulham,60196,Emirates Stadium,Jarred Gillett,https://fbref.com/en/matches/136b19eb/Arsenal-Fulham-May-2-2026-Premier-League
2026-05-02,15:00 (16:00),Brentford,3–0,West Ham United,17194,Gtech Community Stadium,Craig Pawson,https://fbref.com/en/matches/637d95da/Brentford-West-Ham-United-May-2-2026-Premier-League
2026-05-02,15:00 (16:00),Newcastle United,3–1,Brighton,52099,St James' Park,Chris Kavanagh,https://fbref.com/en/matches/c569f7f7/Newcastle-United-Brighton-and-Hove-Albion-May-2-2026-Premier-League
2026-05-02,15:00 (16:00),Wolves,1–1,Sunderland,29632,Molineux Stadium,Paul Tierney,https://fbref.com/en/matches/d6666d63/Wolverhampton-Wanderers-Sunderland-May-2-2026-Premier-League
2026-05-03,19:00 (20:00),Aston Villa,1–2,Tottenham Hotspur,42767,Villa Park,Samuel Barrott,https://fbref.com/en/matches/1e039e05/Aston-Villa-Tottenham-Hotspur-May-3-2026-Premier-League
2026-05-03,14:00 (15:00),Bournemouth,3–0,Crystal Palace,11122,Vitality Stadium,Robert Jones,https://fbref.com/en/matches/d7832ab6/Bournemouth-Crystal-Palace-May-3-2026-Premier-League
2026-05-03,15:30 (16:30),Manchester Utd,3–2,Liverpool,74027,Old Trafford,Darren England,https://fbref.com/en/matches/a9037198/North-West-Derby-Manchester-United-Liverpool-May-3-2026-Premier-League
2026-05-04,15:00 (16:00),Chelsea,1–3,Nottingham Forest,39605,Stamford Bridge,Anthony Taylor,https://fbref.com/en/matches/59f26cd9/Chelsea-Nottingham-Forest-May-4-2026-Premier-League
2026-05-04,20:00 (21:00),Everton,3–3,Manchester City,52478,Hill Dickinson Stadium,Michael Oliver,https://fbref.com/en/matches/2446cca5/Everton-Manchester-City-May-4-2026-Premier-League
2026-05-09,15:00 (16:00),Brighton,3–0,Wolves,31587,The American Express Stadium,John Brooks,https://fbref.com/en/matches/b77bb459/Brighton-and-Hove-Albion-Wolverhampton-Wanderers-May-9-2026-Premier-League
2026-05-09,15:00 (16:00),Fulham,0–1,Bournemouth,27626,Craven Cottage,Andy Madley,https://fbref.com/en/matches/89538ca1/Fulham-Bournemouth-May-9-2026-Premier-League
2026-05-09,12:30 (13:30),Liverpool,1–1,Chelsea,60429,Anfield,Craig Pawson,https://fbref.com/en/matches/b8728f43/Liverpool-Chelsea-May-9-2026-Premier-League
2026-05-09,17:30 (18:30),Manchester City,3–0,Brentford,52489,Etihad Stadium,Michael Salisbury,https://fbref.com/en/matches/cce1ef93/Manchester-City-Brentford-May-9-2026-Premier-League
2026-05-09,15:00 (16:00),Sunderland,0–0,Manchester Utd,47233,Stadium of Light,Stuart Attwell,https://fbref.com/en/matches/92e59b6f/Sunderland-Manchester-United-May-9-2026-Premier-League
2026-05-10,14:00 (15:00),Burnley,2–2,Aston Villa,21196,Turf Moor,Anthony Taylor,https://fbref.com/en/matches/23cb8016/Burnley-Aston-Villa-May-10-2026-Premier-League
2026-05-10,14:00 (15:00),Crystal Palace,2–2,Everton,24958,Selhurst Park,Thomas Bramall,https://fbref.com/en/matches/07dfce00/Crystal-Palace-Everton-May-10-2026-Premier-League
2026-05-10,14:00 (15:00),Nottingham Forest,1–1,Newcastle United,30691,The City Ground,Paul Tierney,https://fbref.com/en/matches/8104e9be/Nottingham-Forest-Newcastle-United-May-10-2026-Premier-League
2026-05-10,16:30 (17:30),West Ham United,0–1,Arsenal,60429,London Stadium,Chris Kavanagh,https://fbref.com/en/matches/6d9cd398/West-Ham-United-Arsenal-May-10-2026-Premier-League
2026-05-11,20:00 (21:00),Tottenham Hotspur,1–1,Leeds United,61048,Tottenham Hotspur Stadium,Jarred Gillett,https://fbref.com/en/matches/79495c07/Tottenham-Hotspur-Leeds-United-May-11-2026-Premier-League
2026-05-13,20:00 (21:00),Manchester City,3–0,Crystal Palace,51738,Etihad Stadium,Stuart Attwell,https://fbref.com/en/matches/b435bf00/Manchester-City-Crystal-Palace-May-13-2026-Premier-League
2026-05-15,20:00 (21:00),Aston Villa,4–2,Liverpool,43033,Villa Park,Chris Kavanagh,https://fbref.com/en/matches/2392e965/Aston-Villa-Liverpool-May-15-2026-Premier-League
2026-05-17,15:00 (16:00),Brentford,2–2,Crystal Palace,17213,Gtech Community Stadium,Samuel Barrott,https://fbref.com/en/matches/bf61d4e7/Brentford-Crystal-Palace-May-17-2026-Premier-League
2026-05-17,15:00 (16:00),Everton,1–3,Sunderland,52590,Hill Dickinson Stadium,John Brooks,https://fbref.com/en/matches/1c8203d0/Everton-Sunderland-May-17-2026-Premier-League
2026-05-17,15:00 (16:00),Leeds United,1–0,Brighton,36880,Elland Road,Michael Oliver,https://fbref.com/en/matches/a895fed0/Leeds-United-Brighton-and-Hove-Albion-May-17-2026-Premier-League
2026-05-17,12:30 (13:30),Manchester Utd,3–2,Nottingham Forest,,Old Trafford,Michael Salisbury,https://fbref.com/en/matches/757ec96c/Manchester-United-Nottingham-Forest-May-17-2026-Premier-League
2026-05-17,17:30 (18:30),Newcastle United,3–1,West Ham United,52206,St James' Park,Jarred Gillett,https://fbref.com/en/matches/d3152ac7/Newcastle-United-West-Ham-United-May-17-2026-Premier-League
2026-05-17,15:00 (16:00),Wolves,1–1,Fulham,28709,Molineux Stadium,Thomas Kirk,https://fbref.com/en/matches/8de20e5a/Wolverhampton-Wanderers-Fulham-May-17-2026-Premier-League
2026-05-18,20:00 (21:00),Arsenal,,Burnley,,Emirates Stadium,,Sin reporte
2026-05-19,19:30 (20:30),Bournemouth,,Manchester City,,Vitality Stadium,,Sin reporte
2026-05-19,20:15 (21:15),Chelsea,,Tottenham Hotspur,,Stamford Bridge,,Sin reporte
2026-05-24,16:00 (17:00),Brighton,,Manchester Utd,,The American Express Stadium,,Sin reporte
2026-05-24,16:00 (17:00),Burnley,,Wolves,,Turf Moor,,Sin reporte
2026-05-24,16:00 (17:00),Crystal Palace,,Arsenal,,Selhurst Park,,Sin reporte
2026-05-24,16:00 (17:00),Fulham,,Newcastle United,,Craven Cottage,,Sin reporte
2026-05-24,16:00 (17:00),Liverpool,,Brentford,,Anfield,,Sin reporte
2026-05-24,16:00 (17:00),Manchester City,,Aston Villa,,Etihad Stadium,,Sin reporte
2026-05-24,16:00 (17:00),Nottingham Forest,,Bournemouth,,The City Ground,,Sin reporte
2026-05-24,16:00 (17:00),Sunderland,,Chelsea,,Stadium of Light,,Sin reporte
2026-05-24,16:00 (17:00),Tottenham Hotspur,,Everton,,Tottenham Hotspur Stadium,,Sin reporte
2026-05-24,16:00 (17:00),West Ham United,,Leeds United,,London Stadium,,Sin reporte
